"","wife_age","wife_ed","husband_ed","num_child","wife_religion","wife_working","husband_cc","SOL_index","media_exposure","contraception"
"1",24,2,3,3,1,1,2,3,0,"0"
"2",45,1,3,10,1,1,3,4,0,"0"
"3",43,2,3,7,1,1,3,4,0,"0"
"4",42,3,2,9,1,1,3,3,0,"0"
"5",36,3,3,8,1,1,3,2,0,"0"
"6",19,4,4,0,1,1,3,3,0,"0"
"7",38,2,3,6,1,1,3,2,0,"0"
"8",21,3,3,1,1,0,3,2,0,"0"
"9",27,2,3,3,1,1,3,4,0,"0"
"10",45,1,1,8,1,1,2,2,1,"0"
"11",38,1,3,2,1,0,3,3,1,"0"
"12",42,1,4,4,1,1,1,3,0,"0"
"13",44,4,4,1,1,0,1,4,0,"0"
"14",42,2,4,1,1,0,3,3,0,"0"
"15",38,3,4,2,1,1,2,3,0,"0"
"16",26,2,4,0,1,1,4,1,0,"0"
"17",48,1,1,7,1,1,2,4,0,"0"
"18",39,2,2,6,1,1,2,4,0,"0"
"19",37,2,2,8,1,1,2,3,0,"0"
"20",39,2,1,5,1,1,2,1,1,"0"
"21",26,3,4,1,1,0,4,1,0,"0"
"22",24,3,4,0,1,0,3,1,0,"0"
"23",46,4,4,1,0,1,1,4,0,"0"
"24",39,4,4,1,1,1,1,4,0,"0"
"25",48,4,4,5,1,1,1,4,0,"0"
"26",40,2,4,8,1,1,3,3,0,"0"
"27",38,4,4,1,1,0,1,4,0,"0"
"28",29,4,4,0,1,0,1,4,0,"0"
"29",24,4,4,0,1,0,2,2,0,"0"
"30",43,1,2,8,1,1,2,4,0,"0"
"31",31,3,4,2,1,1,1,4,0,"0"
"32",31,4,4,2,1,1,3,2,0,"0"
"33",26,2,4,0,1,0,1,2,0,"0"
"34",33,2,2,2,1,1,3,1,0,"0"
"35",24,2,3,1,1,1,3,3,0,"0"
"36",42,1,3,9,1,1,3,2,1,"0"
"37",43,1,2,8,1,0,3,1,0,"0"
"38",25,3,3,4,1,1,3,2,0,"0"
"39",42,2,2,3,1,1,3,4,0,"0"
"40",28,2,2,1,1,1,2,4,0,"0"
"41",28,1,1,3,1,1,3,1,0,"0"
"42",47,2,3,0,1,0,1,3,0,"0"
"43",48,2,4,2,1,1,1,3,0,"0"
"44",40,4,4,2,0,1,1,4,0,"0"
"45",28,2,2,1,1,1,3,2,0,"0"
"46",25,1,4,1,1,1,2,1,0,"0"
"47",32,4,4,2,1,1,2,3,0,"0"
"48",45,4,4,0,1,1,2,4,0,"0"
"49",26,4,4,1,1,1,1,4,0,"0"
"50",26,4,4,0,1,0,1,4,0,"0"
"51",31,4,4,0,1,0,1,4,0,"0"
"52",49,4,4,7,0,1,2,4,0,"0"
"53",40,3,4,8,1,1,3,3,0,"0"
"54",34,4,4,1,0,0,2,3,0,"0"
"55",36,2,4,5,1,1,2,3,0,"0"
"56",20,2,2,2,1,1,2,2,1,"0"
"57",43,4,4,5,1,0,1,4,0,"0"
"58",37,3,4,7,1,1,2,1,0,"0"
"59",21,2,3,0,1,1,3,4,0,"0"
"60",49,4,4,6,1,1,1,2,0,"0"
"61",42,3,3,10,1,1,3,3,0,"0"
"62",20,2,3,1,1,1,2,3,0,"0"
"63",47,1,2,2,1,0,1,3,0,"0"
"64",22,2,3,1,1,1,2,1,0,"0"
"65",27,2,4,1,1,0,1,3,0,"0"
"66",24,2,4,1,1,1,3,1,0,"0"
"67",44,4,2,8,1,1,3,3,0,"0"
"68",30,2,3,3,1,1,3,1,0,"0"
"69",23,3,4,2,1,1,3,4,0,"0"
"70",25,4,4,1,1,0,3,3,0,"0"
"71",47,2,3,4,1,1,2,3,0,"0"
"72",48,2,3,8,1,1,1,4,0,"0"
"73",29,2,3,1,1,1,1,1,0,"0"
"74",29,2,3,1,1,1,1,2,0,"0"
"75",21,3,4,0,1,1,2,3,0,"0"
"76",21,3,4,1,1,1,2,3,0,"0"
"77",29,4,4,0,1,0,2,4,0,"0"
"78",45,3,4,3,1,1,1,4,0,"0"
"79",33,2,3,2,1,1,3,2,0,"0"
"80",38,4,4,1,1,0,1,4,0,"0"
"81",24,4,4,0,0,1,1,4,0,"0"
"82",49,4,4,6,0,0,1,4,0,"0"
"83",24,2,4,1,1,0,4,4,0,"0"
"84",28,4,4,0,0,0,1,4,0,"0"
"85",30,4,4,2,1,1,1,4,0,"0"
"86",33,4,4,2,1,1,1,4,0,"0"
"87",25,4,4,1,1,1,1,3,0,"0"
"88",35,4,4,3,0,1,1,4,0,"0"
"89",27,2,4,4,1,1,1,4,0,"0"
"90",24,2,2,3,1,0,2,1,0,"0"
"91",25,2,3,0,1,1,2,1,0,"0"
"92",46,2,4,6,1,1,1,4,0,"0"
"93",26,2,2,3,1,1,2,1,0,"0"
"94",38,2,2,1,1,0,3,2,0,"0"
"95",47,1,2,3,1,1,1,3,0,"0"
"96",41,1,3,10,1,1,2,3,1,"0"
"97",41,2,3,1,1,0,2,3,0,"0"
"98",28,4,4,5,1,1,2,1,0,"0"
"99",17,2,2,3,1,1,3,1,0,"0"
"100",27,2,3,5,1,1,2,1,0,"0"
"101",27,1,2,4,1,1,3,1,1,"0"
"102",19,2,3,0,1,0,2,2,0,"0"
"103",27,2,4,3,1,0,3,2,0,"0"
"104",26,4,3,4,1,1,2,3,0,"0"
"105",23,2,4,2,1,1,3,3,0,"0"
"106",40,3,3,3,1,1,3,2,0,"0"
"107",22,4,4,0,1,1,1,1,0,"0"
"108",44,3,4,4,1,0,1,3,0,"0"
"109",29,2,3,2,1,1,3,1,0,"0"
"110",26,2,3,3,1,1,3,1,0,"0"
"111",45,4,4,1,1,0,3,3,0,"0"
"112",32,3,3,7,1,0,2,3,0,"0"
"113",21,4,4,1,1,1,1,4,0,"0"
"114",31,2,2,4,1,1,3,3,0,"0"
"115",21,3,4,0,1,1,1,3,0,"0"
"116",37,4,4,1,1,1,1,4,0,"0"
"117",34,4,4,3,0,0,3,3,0,"0"
"118",44,3,4,1,1,1,1,3,0,"0"
"119",49,4,3,5,1,1,2,3,0,"0"
"120",26,2,3,2,1,1,3,3,0,"0"
"121",38,1,2,1,1,1,2,4,1,"0"
"122",36,2,3,5,1,1,2,3,0,"0"
"123",26,3,4,2,1,1,3,3,0,"0"
"124",20,2,3,1,0,1,3,2,0,"0"
"125",44,2,1,3,1,0,3,2,0,"0"
"126",31,3,4,2,1,1,1,2,1,"0"
"127",45,4,4,1,1,1,1,3,0,"0"
"128",36,2,3,2,1,1,3,2,1,"0"
"129",43,1,3,2,1,0,2,2,1,"0"
"130",25,3,4,0,1,1,1,3,0,"0"
"131",48,3,4,3,1,1,3,1,0,"0"
"132",30,4,4,0,0,0,1,3,0,"0"
"133",48,1,2,8,1,1,3,1,0,"0"
"134",28,3,4,1,1,1,3,1,1,"0"
"135",26,4,4,1,1,1,1,3,0,"0"
"136",26,3,3,3,1,0,2,4,0,"0"
"137",24,4,4,2,1,1,3,3,0,"0"
"138",21,3,3,2,1,1,2,2,0,"0"
"139",30,4,4,2,0,1,3,1,0,"0"
"140",20,4,4,1,1,1,1,4,0,"0"
"141",33,4,4,2,1,1,1,3,0,"0"
"142",30,4,4,0,0,0,3,3,0,"0"
"143",47,4,4,1,1,0,1,3,0,"0"
"144",35,4,4,2,0,1,3,3,0,"0"
"145",30,2,4,2,1,1,3,4,0,"0"
"146",33,4,4,3,1,1,1,4,0,"0"
"147",45,4,4,4,1,1,2,3,0,"0"
"148",41,4,4,2,1,1,1,4,0,"0"
"149",32,4,4,1,1,0,1,3,0,"0"
"150",43,4,4,5,1,1,1,4,0,"0"
"151",44,4,4,3,1,1,2,4,0,"0"
"152",21,1,3,4,1,1,3,2,0,"0"
"153",44,3,4,2,1,1,1,4,1,"0"
"154",23,4,4,2,1,1,2,4,0,"0"
"155",47,1,2,4,1,1,2,2,0,"0"
"156",47,1,1,7,1,1,2,3,1,"0"
"157",35,4,4,2,1,0,2,4,0,"0"
"158",32,2,4,4,1,1,3,2,0,"0"
"159",45,1,4,5,1,1,1,2,1,"0"
"160",22,2,2,2,1,1,3,1,0,"0"
"161",23,1,1,3,1,1,2,1,1,"0"
"162",30,4,4,0,1,0,1,4,0,"0"
"163",44,1,3,0,1,1,2,3,0,"0"
"164",40,3,3,1,1,0,3,3,0,"0"
"165",34,4,4,4,1,1,2,3,0,"0"
"166",37,3,4,1,1,1,2,4,0,"0"
"167",49,3,4,5,1,1,1,4,0,"0"
"168",26,4,4,1,1,1,1,4,0,"0"
"169",22,4,4,0,1,1,2,4,0,"0"
"170",20,3,4,0,1,0,2,4,0,"0"
"171",47,4,4,4,1,1,1,4,0,"0"
"172",49,2,2,8,1,0,3,1,0,"0"
"173",22,2,4,1,1,1,2,4,0,"0"
"174",22,3,3,2,1,1,3,4,0,"0"
"175",25,3,2,2,1,1,3,2,0,"0"
"176",32,2,4,0,1,0,3,4,0,"0"
"177",28,4,4,0,0,1,1,3,0,"0"
"178",30,2,4,4,1,0,1,4,0,"0"
"179",45,2,4,2,1,0,2,4,0,"0"
"180",49,2,1,10,1,0,2,4,0,"0"
"181",34,4,4,2,1,0,1,4,0,"0"
"182",25,2,4,1,1,1,2,2,0,"0"
"183",42,1,3,12,1,1,3,3,0,"0"
"184",48,2,1,3,1,0,4,3,0,"0"
"185",35,3,4,5,1,0,2,2,0,"0"
"186",33,2,3,1,1,1,3,4,0,"0"
"187",20,2,4,0,1,1,3,2,0,"0"
"188",36,2,3,4,1,1,3,1,1,"0"
"189",19,3,3,2,1,1,3,2,0,"0"
"190",27,3,2,3,1,1,3,2,0,"0"
"191",30,1,2,4,1,1,4,1,0,"0"
"192",31,3,4,3,1,0,3,2,0,"0"
"193",44,1,1,11,1,1,4,1,1,"0"
"194",24,3,3,2,1,1,3,3,0,"0"
"195",18,3,4,0,1,0,3,1,0,"0"
"196",45,1,2,6,1,1,3,3,1,"0"
"197",25,2,2,3,1,0,3,1,0,"0"
"198",36,3,4,6,1,1,2,4,0,"0"
"199",30,1,1,5,1,1,2,2,0,"0"
"200",32,2,4,2,1,1,3,3,0,"0"
"201",42,1,4,11,0,1,2,2,1,"0"
"202",22,2,4,0,1,1,3,3,0,"0"
"203",36,2,4,2,1,0,2,4,0,"0"
"204",27,2,3,2,1,1,3,3,0,"0"
"205",40,3,4,1,1,1,1,2,0,"0"
"206",22,2,3,2,1,1,3,1,0,"0"
"207",26,2,4,0,1,1,3,1,0,"0"
"208",31,3,4,0,1,0,2,3,0,"0"
"209",32,4,4,1,1,1,1,4,0,"0"
"210",34,2,3,3,1,0,3,2,0,"0"
"211",40,3,3,1,0,1,3,4,0,"0"
"212",45,1,2,1,1,0,3,3,0,"0"
"213",26,3,4,3,1,1,3,2,0,"0"
"214",48,1,3,5,1,1,3,2,0,"0"
"215",43,1,3,8,1,1,3,1,0,"0"
"216",27,3,4,2,1,0,2,2,0,"0"
"217",42,3,2,1,1,1,3,3,0,"0"
"218",34,3,2,8,1,0,2,3,1,"0"
"219",32,3,2,4,1,1,2,2,1,"0"
"220",31,3,3,2,1,0,2,3,0,"0"
"221",22,2,3,1,1,1,3,3,0,"0"
"222",27,3,4,0,1,1,3,3,0,"0"
"223",37,1,2,2,1,1,2,2,1,"0"
"224",22,1,2,0,1,1,2,4,0,"0"
"225",47,4,4,4,1,1,1,4,0,"0"
"226",32,4,4,4,1,0,1,3,0,"0"
"227",37,3,3,2,1,1,1,4,0,"0"
"228",45,1,3,1,1,1,2,3,1,"0"
"229",47,1,4,8,1,1,3,3,0,"0"
"230",28,3,4,0,1,1,3,2,0,"0"
"231",48,1,3,4,1,1,3,4,1,"0"
"232",26,2,4,1,1,1,1,3,0,"0"
"233",21,3,4,0,1,0,3,1,0,"0"
"234",20,2,3,1,1,1,2,4,0,"0"
"235",39,1,1,5,1,0,3,1,1,"0"
"236",27,2,3,1,1,0,3,4,0,"0"
"237",37,2,3,5,1,0,3,2,0,"0"
"238",24,4,4,1,1,1,3,3,0,"0"
"239",39,3,3,6,1,1,3,3,0,"0"
"240",20,3,3,1,1,1,2,3,0,"0"
"241",19,3,4,1,1,1,2,3,0,"0"
"242",40,3,3,4,1,1,2,2,0,"0"
"243",41,1,4,4,1,1,3,3,0,"0"
"244",22,4,4,2,1,1,1,3,0,"0"
"245",32,3,4,4,1,1,1,4,0,"0"
"246",34,4,4,2,0,1,1,4,0,"0"
"247",34,4,4,2,1,0,1,3,0,"0"
"248",23,4,4,2,1,1,1,4,0,"0"
"249",27,4,4,1,1,1,1,2,0,"0"
"250",46,3,2,11,1,0,2,2,1,"0"
"251",34,4,4,3,0,1,1,2,0,"0"
"252",33,4,4,5,1,1,3,3,0,"0"
"253",25,3,3,1,1,1,3,2,0,"0"
"254",26,4,4,1,1,0,1,4,0,"0"
"255",48,1,3,4,1,1,3,3,1,"0"
"256",36,4,4,2,1,1,3,3,0,"0"
"257",38,3,4,2,0,1,2,4,0,"0"
"258",44,1,2,7,1,1,3,4,0,"0"
"259",44,2,2,1,1,0,3,2,0,"0"
"260",39,3,3,1,0,1,3,4,0,"0"
"261",47,1,2,7,1,0,3,2,0,"0"
"262",43,1,3,5,1,0,3,2,0,"0"
"263",29,3,3,3,1,0,2,4,0,"0"
"264",22,3,3,0,1,1,2,2,0,"0"
"265",31,2,4,5,1,1,3,2,0,"0"
"266",22,4,4,0,1,1,1,3,0,"0"
"267",45,3,4,6,1,1,2,4,0,"0"
"268",42,3,4,10,1,0,3,2,0,"0"
"269",38,3,3,7,1,1,3,1,0,"0"
"270",47,1,1,6,1,0,3,1,0,"0"
"271",30,4,4,2,1,1,1,4,0,"0"
"272",28,3,4,1,1,1,3,4,0,"0"
"273",25,3,4,1,1,1,2,1,0,"0"
"274",49,2,4,6,0,1,2,3,0,"0"
"275",23,3,4,2,1,0,2,3,0,"0"
"276",35,3,4,1,0,1,2,3,0,"0"
"277",47,2,1,5,0,1,2,4,0,"0"
"278",35,2,3,0,1,1,2,4,0,"0"
"279",44,3,4,6,1,1,3,4,0,"0"
"280",48,4,4,3,1,1,2,4,0,"0"
"281",43,2,3,6,1,0,3,3,0,"0"
"282",21,2,4,2,1,1,3,1,0,"0"
"283",22,4,4,0,1,1,1,4,0,"0"
"284",41,3,3,5,1,1,3,4,0,"0"
"285",29,2,4,2,1,0,4,4,1,"0"
"286",44,4,4,5,0,1,2,4,0,"0"
"287",22,4,4,0,1,0,1,4,0,"0"
"288",23,2,4,4,1,1,3,3,0,"0"
"289",22,2,1,0,1,1,3,2,0,"0"
"290",35,1,3,0,1,1,2,2,1,"0"
"291",24,4,4,1,1,1,2,2,0,"0"
"292",36,4,4,4,1,1,1,4,0,"0"
"293",47,1,2,2,1,1,2,4,0,"0"
"294",40,4,4,3,1,1,3,4,0,"0"
"295",29,4,4,1,1,1,1,3,0,"0"
"296",49,3,4,6,1,1,1,4,0,"0"
"297",49,3,4,9,1,1,1,4,0,"0"
"298",47,4,4,2,1,1,1,4,0,"0"
"299",28,4,4,3,0,1,1,4,0,"0"
"300",26,4,4,1,1,1,1,4,0,"0"
"301",29,1,2,7,1,1,2,4,0,"0"
"302",29,4,2,0,1,0,2,2,0,"0"
"303",25,3,3,1,1,1,3,4,0,"0"
"304",24,2,4,2,1,1,3,4,0,"0"
"305",23,4,4,1,1,0,2,4,0,"0"
"306",23,4,4,2,1,0,3,3,0,"0"
"307",44,1,2,2,1,1,2,4,0,"0"
"308",39,3,4,6,1,1,1,4,0,"0"
"309",21,3,3,0,1,1,2,2,0,"0"
"310",22,3,4,2,1,1,2,3,0,"0"
"311",47,3,4,3,1,1,2,3,0,"0"
"312",36,3,3,2,1,0,2,4,0,"0"
"313",25,1,4,2,1,0,3,3,1,"0"
"314",40,4,4,2,1,1,3,4,0,"0"
"315",36,2,2,0,0,0,3,3,0,"0"
"316",37,2,3,5,0,0,2,4,0,"0"
"317",28,1,4,2,1,0,2,3,0,"0"
"318",30,3,3,5,1,0,3,4,0,"0"
"319",16,3,4,1,1,1,3,3,0,"0"
"320",32,2,3,4,0,1,2,4,0,"0"
"321",40,4,4,3,0,1,3,4,0,"0"
"322",40,1,1,2,1,0,3,4,0,"0"
"323",45,3,4,2,0,1,1,4,0,"0"
"324",21,1,3,0,1,0,3,4,1,"0"
"325",28,4,4,1,0,1,1,3,0,"0"
"326",25,4,4,1,0,1,2,3,0,"0"
"327",44,1,3,4,1,1,3,3,1,"0"
"328",35,4,4,2,0,1,3,4,0,"0"
"329",49,4,4,4,1,1,3,4,0,"0"
"330",39,3,4,1,0,1,3,4,0,"0"
"331",32,3,4,1,0,1,2,4,0,"0"
"332",35,1,2,0,1,0,4,4,0,"0"
"333",21,1,2,1,1,0,3,4,0,"0"
"334",47,4,4,1,0,1,1,4,0,"0"
"335",27,4,4,1,0,1,3,4,0,"0"
"336",31,2,2,8,1,1,2,2,1,"0"
"337",34,4,3,0,0,0,3,3,0,"0"
"338",30,4,4,3,1,0,2,4,0,"0"
"339",25,4,4,0,1,0,2,4,0,"0"
"340",28,3,4,3,1,1,2,1,0,"0"
"341",30,2,3,4,1,0,3,2,0,"0"
"342",42,3,3,8,1,1,4,3,0,"0"
"343",23,4,4,0,0,1,2,4,0,"0"
"344",45,3,4,3,0,1,3,4,0,"0"
"345",21,4,4,1,1,1,3,3,0,"0"
"346",28,4,4,1,0,1,2,4,0,"0"
"347",33,4,4,1,0,0,3,4,0,"0"
"348",32,1,2,4,1,1,3,2,1,"0"
"349",25,2,2,3,1,1,3,3,0,"0"
"350",25,3,3,1,1,1,3,1,0,"0"
"351",19,2,2,2,1,1,3,1,0,"0"
"352",40,1,2,6,1,1,3,1,1,"0"
"353",24,2,2,2,1,1,3,1,1,"0"
"354",32,2,2,1,1,1,2,1,0,"0"
"355",35,2,3,8,1,1,3,2,0,"0"
"356",27,2,2,1,1,0,3,2,1,"0"
"357",23,2,4,2,1,1,1,4,0,"0"
"358",22,2,4,4,1,1,3,4,0,"0"
"359",49,2,3,0,1,1,1,2,0,"0"
"360",25,2,3,0,1,1,2,4,0,"0"
"361",18,3,4,1,1,1,3,1,0,"0"
"362",43,3,3,4,1,1,2,4,0,"0"
"363",37,1,3,0,1,1,3,4,0,"0"
"364",30,2,3,2,1,0,2,4,0,"0"
"365",29,3,2,0,1,1,2,2,0,"0"
"366",20,2,3,3,1,1,3,4,0,"0"
"367",42,3,3,3,1,0,2,4,0,"0"
"368",23,4,4,1,1,1,2,3,0,"0"
"369",34,2,3,7,1,0,3,3,0,"0"
"370",23,3,3,6,1,1,3,3,0,"0"
"371",38,3,3,5,1,1,1,4,0,"0"
"372",37,2,3,4,1,1,2,3,0,"0"
"373",17,2,3,1,1,1,3,2,0,"0"
"374",39,3,4,3,1,1,1,4,0,"0"
"375",49,1,3,0,1,1,3,3,1,"0"
"376",23,3,3,2,1,1,2,2,0,"0"
"377",40,3,3,3,1,1,2,2,1,"0"
"378",32,2,4,5,1,1,2,3,0,"0"
"379",18,2,3,1,1,1,2,3,0,"0"
"380",46,1,2,8,1,1,3,3,1,"0"
"381",37,3,3,6,1,1,2,2,0,"0"
"382",38,2,4,5,0,1,2,2,0,"0"
"383",37,2,3,2,0,0,3,3,0,"0"
"384",25,2,3,1,1,0,2,1,0,"0"
"385",38,2,4,5,1,1,3,3,0,"0"
"386",39,4,4,2,1,0,1,4,0,"0"
"387",44,4,4,3,1,0,1,4,1,"0"
"388",19,4,4,0,0,1,3,4,0,"0"
"389",28,2,4,1,1,0,3,4,0,"0"
"390",20,2,3,1,1,1,3,4,0,"0"
"391",33,4,4,0,1,0,3,3,0,"0"
"392",33,4,4,5,1,1,3,4,0,"0"
"393",47,1,4,6,1,1,1,4,0,"0"
"394",25,3,3,0,1,1,3,4,0,"0"
"395",29,4,4,0,1,0,2,4,0,"0"
"396",37,4,4,2,0,1,1,4,0,"0"
"397",49,1,3,6,1,1,2,4,0,"0"
"398",48,1,1,8,1,0,2,2,1,"0"
"399",19,2,2,0,1,1,2,2,0,"0"
"400",46,1,2,3,1,1,2,1,1,"0"
"401",39,1,2,2,1,1,3,1,1,"0"
"402",30,3,4,5,1,1,1,4,0,"0"
"403",40,2,2,8,1,1,2,2,0,"0"
"404",43,1,2,1,1,1,3,4,1,"0"
"405",29,3,4,4,1,0,1,3,0,"0"
"406",23,3,3,2,1,1,3,3,0,"0"
"407",24,2,2,3,1,1,2,4,0,"0"
"408",47,3,3,2,1,1,2,4,0,"0"
"409",35,3,3,2,1,0,2,2,0,"0"
"410",19,3,3,1,1,1,2,4,0,"0"
"411",45,2,3,4,1,0,2,4,0,"0"
"412",42,2,4,2,1,1,3,4,0,"0"
"413",47,1,1,1,1,1,3,4,0,"0"
"414",25,2,2,2,1,1,3,1,0,"0"
"415",20,2,3,3,1,1,3,4,0,"0"
"416",33,3,3,6,1,1,3,4,0,"1"
"417",46,4,3,5,1,1,1,4,0,"1"
"418",35,4,4,4,1,1,1,4,0,"1"
"419",26,4,4,2,1,0,1,4,0,"1"
"420",36,3,3,5,1,0,1,3,0,"1"
"421",37,3,4,3,1,1,1,3,0,"1"
"422",44,2,4,4,1,1,3,3,0,"1"
"423",32,4,4,2,1,1,1,4,0,"1"
"424",25,2,4,6,1,1,3,4,0,"1"
"425",42,2,3,7,1,1,3,4,0,"1"
"426",30,4,4,2,0,0,1,4,0,"1"
"427",39,4,4,4,1,1,1,4,0,"1"
"428",26,1,1,2,1,1,3,4,0,"1"
"429",30,2,4,3,1,1,3,4,0,"1"
"430",38,4,4,4,0,0,1,2,0,"1"
"431",23,4,4,1,1,1,1,2,0,"1"
"432",18,3,4,1,1,1,3,4,0,"1"
"433",25,3,4,3,1,1,2,3,0,"1"
"434",37,4,4,2,1,0,3,3,0,"1"
"435",20,3,4,1,1,1,3,2,0,"1"
"436",45,4,4,7,1,1,1,4,0,"1"
"437",28,2,1,2,1,0,3,3,0,"1"
"438",33,2,2,3,1,1,2,3,0,"1"
"439",28,2,3,2,1,1,3,3,0,"1"
"440",30,2,4,1,1,0,3,4,0,"1"
"441",32,4,4,4,1,1,2,4,0,"1"
"442",48,4,3,7,1,0,2,4,0,"1"
"443",46,4,4,2,1,0,1,4,0,"1"
"444",32,4,4,2,0,0,1,4,0,"1"
"445",49,4,4,10,1,1,1,4,0,"1"
"446",33,2,2,6,1,0,3,4,0,"1"
"447",39,4,4,3,1,1,1,4,0,"1"
"448",35,4,4,5,0,0,1,4,0,"1"
"449",36,4,4,3,0,1,1,3,0,"1"
"450",20,3,4,1,1,1,2,4,0,"1"
"451",23,4,4,1,1,1,3,4,0,"1"
"452",26,2,4,2,1,1,1,3,0,"1"
"453",25,3,3,1,1,1,3,1,0,"1"
"454",31,4,4,1,1,1,1,4,0,"1"
"455",36,4,4,2,1,1,2,4,0,"1"
"456",32,3,3,2,1,0,3,4,0,"1"
"457",36,4,4,3,1,1,1,4,0,"1"
"458",40,4,4,3,1,1,1,4,0,"1"
"459",46,4,4,4,1,1,1,4,0,"1"
"460",42,4,4,8,0,1,1,4,0,"1"
"461",39,4,4,4,1,0,1,4,0,"1"
"462",34,4,4,2,1,1,1,4,0,"1"
"463",36,4,4,3,1,1,1,4,0,"1"
"464",37,4,4,3,1,1,1,4,0,"1"
"465",36,4,4,4,0,1,1,4,0,"1"
"466",38,4,4,2,1,1,1,4,0,"1"
"467",27,3,3,1,0,0,2,4,0,"1"
"468",37,4,3,8,1,1,1,4,0,"1"
"469",24,1,4,1,1,0,4,2,1,"1"
"470",42,2,4,8,1,1,1,4,0,"1"
"471",31,4,4,3,0,0,4,4,0,"1"
"472",34,2,3,2,1,1,3,3,0,"1"
"473",34,4,4,4,1,1,3,3,0,"1"
"474",36,4,4,4,0,0,1,4,0,"1"
"475",47,4,4,8,1,1,1,4,0,"1"
"476",34,4,4,3,1,1,1,4,0,"1"
"477",44,4,4,6,0,1,1,3,0,"1"
"478",21,4,4,1,1,1,1,4,0,"1"
"479",42,4,4,6,1,1,1,3,0,"1"
"480",44,4,4,4,1,0,2,3,0,"1"
"481",19,4,4,1,1,1,2,3,0,"1"
"482",35,1,3,7,1,0,2,3,1,"1"
"483",24,4,4,1,1,1,3,2,0,"1"
"484",32,3,4,7,0,1,1,3,0,"1"
"485",31,3,3,2,1,0,3,3,0,"1"
"486",47,3,4,11,1,0,2,3,0,"1"
"487",38,4,4,6,1,0,3,3,0,"1"
"488",40,4,4,4,1,1,1,3,0,"1"
"489",35,3,3,4,1,1,3,2,0,"1"
"490",26,3,4,3,1,1,3,4,0,"1"
"491",23,4,3,3,1,1,3,3,0,"1"
"492",40,4,4,6,0,0,1,4,0,"1"
"493",37,4,4,3,1,1,1,4,0,"1"
"494",39,4,4,5,1,1,2,4,0,"1"
"495",25,4,4,2,1,1,2,4,0,"1"
"496",48,4,4,4,0,1,1,4,0,"1"
"497",31,4,4,3,1,1,1,4,0,"1"
"498",26,4,4,1,0,1,2,4,0,"1"
"499",44,4,4,5,1,0,1,4,0,"1"
"500",29,4,4,1,1,0,2,4,0,"1"
"501",36,2,1,6,1,1,2,1,0,"1"
"502",29,4,4,2,1,0,1,3,0,"1"
"503",37,2,3,7,1,1,3,4,0,"1"
"504",28,3,3,3,1,1,1,2,0,"1"
"505",40,2,3,6,1,1,1,2,0,"1"
"506",33,4,4,4,1,1,1,4,0,"1"
"507",22,4,4,1,1,1,1,2,0,"1"
"508",35,3,4,5,1,0,1,3,1,"1"
"509",32,4,4,3,0,1,3,3,0,"1"
"510",35,4,4,5,1,0,1,3,0,"1"
"511",29,4,4,2,1,1,1,4,0,"1"
"512",23,3,3,2,1,0,3,4,0,"1"
"513",35,4,4,2,1,0,1,4,0,"1"
"514",36,4,4,3,1,0,2,4,0,"1"
"515",32,4,4,2,1,0,1,4,0,"1"
"516",30,4,1,4,1,1,3,3,0,"1"
"517",36,4,4,4,0,1,2,4,0,"1"
"518",33,4,4,3,1,1,3,4,0,"1"
"519",33,3,4,5,0,1,3,3,0,"1"
"520",43,2,4,13,1,1,2,3,0,"1"
"521",35,3,3,6,1,1,2,3,0,"1"
"522",38,4,4,5,1,1,1,3,0,"1"
"523",25,3,1,4,1,1,3,1,0,"1"
"524",26,3,3,2,1,1,3,2,0,"1"
"525",24,4,4,1,1,1,3,4,0,"1"
"526",22,3,4,1,1,1,4,4,0,"1"
"527",33,2,3,5,1,0,2,1,0,"1"
"528",45,3,3,7,1,1,3,4,0,"1"
"529",29,4,4,2,1,0,1,3,0,"1"
"530",47,2,2,7,1,1,2,4,0,"1"
"531",36,3,2,6,1,1,3,2,0,"1"
"532",45,3,3,8,1,1,2,3,0,"1"
"533",47,4,4,6,1,0,1,4,0,"1"
"534",43,3,4,2,1,0,2,4,0,"1"
"535",44,4,4,7,1,1,3,2,0,"1"
"536",24,2,4,2,1,1,3,3,0,"1"
"537",28,4,4,2,1,0,1,3,0,"1"
"538",34,4,4,5,1,1,3,4,0,"1"
"539",31,3,4,4,1,1,1,3,0,"1"
"540",27,4,4,3,1,1,1,4,0,"1"
"541",27,3,3,1,1,0,3,4,0,"1"
"542",26,4,4,1,1,0,1,3,0,"1"
"543",36,3,4,7,1,1,2,2,0,"1"
"544",35,4,4,4,0,1,3,3,0,"1"
"545",38,4,4,6,1,1,3,3,0,"1"
"546",44,4,4,7,1,1,2,4,0,"1"
"547",25,4,4,1,1,1,1,4,0,"1"
"548",25,4,4,2,0,1,1,3,0,"1"
"549",41,4,4,4,1,1,1,4,0,"1"
"550",41,3,4,5,1,1,1,3,0,"1"
"551",24,4,4,1,1,0,1,4,0,"1"
"552",33,4,4,3,1,1,3,3,0,"1"
"553",29,4,4,3,1,0,3,3,0,"1"
"554",47,4,4,4,1,0,1,4,0,"1"
"555",28,4,4,4,1,1,1,3,0,"1"
"556",21,2,2,1,1,1,3,2,0,"1"
"557",32,3,3,6,1,0,3,3,0,"1"
"558",30,3,4,2,1,1,1,4,0,"1"
"559",37,4,4,5,1,1,3,4,0,"1"
"560",29,4,3,4,1,0,3,2,0,"1"
"561",38,4,4,3,1,0,1,4,0,"1"
"562",49,3,3,11,1,1,1,4,0,"1"
"563",41,3,3,5,1,1,1,4,0,"1"
"564",43,3,4,5,1,1,3,2,1,"1"
"565",47,1,1,10,1,1,3,3,0,"1"
"566",22,4,4,1,1,1,1,3,0,"1"
"567",27,4,4,1,0,0,1,4,0,"1"
"568",34,3,4,2,0,1,2,3,0,"1"
"569",42,3,3,4,1,1,2,4,0,"1"
"570",39,4,4,3,0,0,1,4,0,"1"
"571",36,4,4,3,0,1,2,4,0,"1"
"572",21,4,4,1,1,1,2,1,0,"1"
"573",36,3,4,4,0,0,2,4,0,"1"
"574",25,2,3,1,1,0,4,4,0,"1"
"575",41,4,4,4,0,0,2,4,0,"1"
"576",32,4,4,4,0,0,2,4,0,"1"
"577",41,4,4,4,0,0,2,4,0,"1"
"578",43,4,4,3,0,1,1,4,0,"1"
"579",35,4,4,3,1,1,2,3,0,"1"
"580",24,4,4,2,1,0,1,3,0,"1"
"581",43,4,4,6,1,1,1,4,0,"1"
"582",48,4,4,7,0,1,1,4,0,"1"
"583",28,4,4,2,1,1,1,3,0,"1"
"584",24,4,4,1,1,1,1,4,0,"1"
"585",42,4,4,3,1,0,1,4,0,"1"
"586",39,4,4,3,1,1,1,4,0,"1"
"587",24,4,4,1,1,1,1,4,0,"1"
"588",33,4,3,5,1,1,2,4,0,"1"
"589",29,4,4,2,1,1,3,4,0,"1"
"590",44,4,4,5,1,1,1,4,0,"1"
"591",17,4,4,1,1,1,2,4,0,"1"
"592",35,3,4,3,1,1,2,2,0,"1"
"593",32,3,4,5,1,1,1,2,0,"1"
"594",27,4,4,2,1,0,1,3,0,"1"
"595",44,4,4,4,1,1,1,4,0,"1"
"596",42,4,4,5,1,1,1,4,0,"1"
"597",40,4,4,6,1,1,1,3,0,"1"
"598",44,4,4,3,1,1,1,4,0,"1"
"599",33,4,4,5,1,1,2,4,0,"1"
"600",35,2,4,3,0,0,3,4,1,"1"
"601",31,4,2,2,0,1,1,3,0,"1"
"602",37,4,4,3,0,1,3,4,0,"1"
"603",45,4,4,3,0,1,2,4,0,"1"
"604",26,4,4,2,0,1,1,4,0,"1"
"605",40,3,4,2,0,1,3,4,0,"1"
"606",30,4,4,1,0,1,2,4,0,"1"
"607",36,3,4,3,0,0,3,4,0,"1"
"608",33,3,4,3,0,1,2,4,0,"1"
"609",41,4,4,5,0,1,2,4,0,"1"
"610",45,3,3,6,0,1,2,4,0,"1"
"611",48,4,4,6,0,1,2,4,0,"1"
"612",35,4,4,3,0,0,3,4,0,"1"
"613",37,4,4,4,0,0,2,4,0,"1"
"614",46,4,4,3,0,0,1,4,0,"1"
"615",38,4,4,4,0,1,3,4,0,"1"
"616",30,3,4,7,1,1,2,4,0,"1"
"617",42,4,3,7,1,0,1,4,0,"1"
"618",35,2,2,6,1,1,3,4,0,"1"
"619",34,4,4,6,1,1,3,4,0,"1"
"620",37,4,4,4,1,1,1,4,0,"1"
"621",38,4,4,6,1,1,1,4,0,"1"
"622",30,3,3,2,1,1,2,3,0,"1"
"623",46,4,4,4,1,1,1,4,0,"1"
"624",31,4,4,3,0,1,2,4,0,"1"
"625",41,4,4,6,0,1,1,4,0,"1"
"626",41,4,4,7,1,1,2,4,0,"1"
"627",32,4,4,2,0,0,2,4,0,"1"
"628",44,4,4,4,1,1,1,4,0,"1"
"629",39,4,4,4,0,1,1,4,0,"1"
"630",39,4,4,5,1,1,1,4,0,"1"
"631",45,4,4,4,1,1,1,4,0,"1"
"632",33,4,4,3,1,1,1,4,0,"1"
"633",39,4,4,3,0,1,1,4,0,"1"
"634",44,4,4,3,1,0,1,4,0,"1"
"635",34,3,3,6,1,1,3,4,0,"1"
"636",33,3,3,5,1,1,3,4,0,"1"
"637",34,2,2,8,1,1,2,2,0,"1"
"638",27,3,2,5,1,1,2,4,0,"1"
"639",47,1,1,8,1,1,3,4,1,"1"
"640",25,2,4,3,1,1,1,4,1,"1"
"641",24,3,4,5,1,1,1,2,1,"1"
"642",41,4,4,4,1,0,1,4,0,"1"
"643",29,3,3,4,1,1,3,4,0,"1"
"644",27,2,2,5,1,1,3,1,0,"1"
"645",40,3,4,5,1,1,1,2,0,"1"
"646",30,2,2,6,1,1,3,1,0,"1"
"647",24,4,4,1,1,0,1,4,0,"1"
"648",36,4,4,2,1,0,1,4,0,"1"
"649",17,2,2,1,1,1,3,2,0,"1"
"650",28,1,2,4,1,1,2,3,0,"1"
"651",27,2,4,1,1,1,1,4,0,"1"
"652",21,3,3,1,1,1,3,3,0,"1"
"653",30,2,2,4,1,1,2,4,0,"1"
"654",48,4,4,16,1,1,1,4,0,"1"
"655",29,2,4,3,1,0,3,3,0,"1"
"656",29,4,4,2,1,1,3,4,0,"1"
"657",20,3,4,2,1,1,1,3,0,"1"
"658",28,4,4,1,1,1,3,2,0,"1"
"659",32,2,3,5,1,0,2,3,0,"1"
"660",27,3,3,1,1,0,3,3,0,"1"
"661",25,2,3,1,1,1,3,1,0,"1"
"662",43,4,4,3,1,1,1,4,0,"1"
"663",35,4,4,2,1,1,2,4,0,"1"
"664",30,4,4,1,1,1,1,4,0,"1"
"665",29,1,4,3,1,1,4,4,1,"1"
"666",33,3,4,8,1,1,3,4,0,"1"
"667",37,3,4,5,1,0,2,4,0,"1"
"668",27,2,4,3,1,1,4,4,0,"1"
"669",33,2,4,3,1,1,2,4,0,"1"
"670",35,2,3,6,1,0,3,3,0,"1"
"671",20,3,3,2,1,1,2,4,0,"1"
"672",26,2,4,3,1,1,3,4,0,"1"
"673",24,3,3,2,1,1,3,3,0,"1"
"674",45,1,3,3,1,1,3,2,0,"1"
"675",34,3,4,4,1,1,1,3,0,"1"
"676",49,4,3,13,1,1,1,4,0,"1"
"677",33,4,4,5,1,1,1,4,0,"1"
"678",33,3,3,8,1,1,3,4,0,"1"
"679",24,3,4,3,1,1,1,4,0,"1"
"680",30,2,2,4,1,1,2,1,0,"1"
"681",27,2,4,4,1,1,2,1,0,"1"
"682",23,4,3,1,1,1,2,2,0,"1"
"683",35,4,4,4,1,1,1,4,0,"1"
"684",35,4,4,1,0,1,1,4,0,"1"
"685",40,4,4,2,0,0,1,4,0,"1"
"686",29,3,3,1,1,1,3,3,0,"1"
"687",33,3,3,3,1,1,3,3,0,"1"
"688",36,4,4,6,0,1,1,2,1,"1"
"689",36,4,4,4,0,1,1,4,0,"1"
"690",41,4,4,1,1,1,3,3,0,"1"
"691",38,3,4,3,1,1,3,2,0,"1"
"692",29,2,4,3,1,1,3,3,0,"1"
"693",19,4,4,1,1,1,1,3,0,"1"
"694",34,2,3,2,1,1,2,3,0,"1"
"695",26,2,4,3,1,1,3,4,0,"1"
"696",22,4,4,1,1,1,2,3,0,"1"
"697",42,4,4,7,1,1,2,4,0,"1"
"698",27,3,4,2,1,1,3,2,0,"1"
"699",27,4,4,2,1,1,1,4,0,"1"
"700",39,4,3,1,1,0,2,2,0,"1"
"701",21,4,4,1,1,1,3,1,0,"1"
"702",36,2,3,7,1,1,3,3,0,"1"
"703",29,1,2,5,1,0,1,2,0,"1"
"704",29,2,3,4,1,1,2,1,0,"1"
"705",22,3,2,2,1,1,2,1,0,"1"
"706",20,2,3,1,1,1,2,1,0,"1"
"707",33,3,4,4,1,0,2,4,0,"1"
"708",27,3,3,3,1,1,2,3,0,"1"
"709",25,4,4,3,1,1,1,4,0,"1"
"710",25,4,3,2,1,1,3,3,0,"1"
"711",32,2,3,4,1,1,3,2,0,"1"
"712",39,3,4,2,1,1,1,3,0,"1"
"713",31,3,3,3,1,1,2,1,1,"1"
"714",26,4,4,4,1,1,3,4,0,"1"
"715",30,3,3,7,1,1,3,4,0,"1"
"716",43,3,3,5,1,0,3,3,0,"1"
"717",34,2,4,4,1,1,3,3,0,"1"
"718",43,4,4,3,1,1,1,4,0,"1"
"719",32,4,4,3,0,1,1,4,0,"1"
"720",41,4,4,5,1,1,1,4,0,"1"
"721",32,4,4,3,0,1,1,4,0,"1"
"722",46,4,4,4,1,1,1,4,0,"1"
"723",40,3,4,3,1,0,1,4,0,"1"
"724",21,4,4,1,1,1,2,3,0,"1"
"725",32,4,4,3,1,1,1,4,0,"1"
"726",25,4,4,1,0,1,3,3,0,"1"
"727",24,4,4,1,1,1,1,3,0,"1"
"728",21,2,3,1,1,0,3,2,0,"1"
"729",22,4,4,1,1,1,3,3,0,"1"
"730",32,4,4,4,1,1,1,3,0,"1"
"731",30,4,4,2,1,0,2,2,0,"1"
"732",25,1,2,2,1,1,2,1,0,"1"
"733",31,3,3,6,0,1,3,1,0,"1"
"734",19,2,4,1,1,1,2,3,0,"1"
"735",33,2,2,7,1,0,2,3,0,"1"
"736",24,2,2,2,1,1,3,4,0,"1"
"737",19,3,3,3,1,1,2,3,0,"1"
"738",27,2,2,5,1,1,3,3,0,"1"
"739",32,4,4,2,0,0,1,4,0,"1"
"740",32,4,4,2,1,0,1,3,0,"1"
"741",29,1,3,5,1,1,3,3,0,"1"
"742",23,3,4,1,1,1,2,3,0,"1"
"743",34,2,4,7,1,1,2,3,0,"1"
"744",27,2,4,1,1,1,3,3,0,"1"
"745",37,4,4,4,1,1,3,2,0,"1"
"746",26,3,4,4,1,1,2,3,0,"1"
"747",31,2,3,7,1,1,3,3,0,"1"
"748",44,4,4,11,1,1,1,4,0,"1"
"749",35,3,4,4,1,1,1,4,0,"1"
"750",23,4,4,2,1,1,3,4,0,"1"
"751",24,2,4,2,1,1,1,4,0,"1"
"752",24,4,4,2,1,1,1,4,0,"1"
"753",39,4,4,3,1,1,2,4,0,"1"
"754",33,3,4,4,1,1,3,3,0,"1"
"755",24,2,3,2,1,1,2,1,0,"1"
"756",35,4,4,4,1,1,1,4,0,"1"
"757",35,4,4,6,1,1,1,4,0,"1"
"758",34,4,4,2,1,1,3,3,0,"1"
"759",48,3,4,3,1,1,2,3,0,"1"
"760",28,4,4,1,1,1,1,3,0,"1"
"761",26,4,4,1,1,1,3,3,0,"1"
"762",43,3,3,8,1,1,1,3,0,"1"
"763",28,2,2,5,1,0,2,4,0,"1"
"764",22,3,4,3,1,1,2,3,0,"1"
"765",26,3,3,3,1,1,3,3,0,"1"
"766",30,3,4,4,1,1,3,3,0,"1"
"767",38,4,4,5,1,1,2,3,0,"1"
"768",44,4,4,8,1,1,2,4,0,"1"
"769",25,4,4,1,0,1,1,4,0,"1"
"770",34,4,4,3,1,1,1,4,0,"1"
"771",26,4,4,3,1,1,3,4,0,"1"
"772",20,4,4,2,1,1,1,3,0,"1"
"773",39,4,4,2,0,1,1,3,0,"1"
"774",27,3,4,4,1,1,3,3,0,"1"
"775",32,4,4,2,1,0,3,4,0,"1"
"776",48,3,4,8,1,0,1,4,0,"1"
"777",39,4,3,4,1,1,3,4,0,"1"
"778",37,4,4,3,1,0,1,4,0,"1"
"779",33,4,4,2,0,0,1,3,0,"1"
"780",32,4,4,3,1,0,1,4,0,"1"
"781",25,4,4,2,1,1,1,3,0,"1"
"782",37,4,4,3,1,1,2,4,0,"1"
"783",40,4,4,4,1,1,1,4,0,"1"
"784",38,4,4,6,1,1,2,4,0,"1"
"785",36,4,4,4,1,1,1,4,0,"1"
"786",27,3,3,3,1,1,2,2,0,"1"
"787",22,1,3,2,1,1,3,1,0,"1"
"788",22,2,2,2,1,1,2,3,0,"1"
"789",30,3,4,3,1,1,2,3,0,"1"
"790",20,2,2,2,1,1,3,2,1,"1"
"791",34,4,4,2,1,1,1,4,0,"1"
"792",31,3,4,5,1,1,3,1,0,"1"
"793",30,3,3,3,1,0,3,2,0,"1"
"794",44,3,4,5,1,0,1,4,0,"1"
"795",24,3,3,3,1,0,2,1,0,"1"
"796",19,4,4,2,1,1,1,4,0,"1"
"797",28,4,4,5,1,1,2,4,0,"1"
"798",27,4,4,1,0,0,1,3,0,"1"
"799",29,3,3,3,1,1,2,1,0,"1"
"800",37,4,4,3,1,1,2,4,0,"1"
"801",32,2,2,8,1,1,2,1,0,"1"
"802",21,2,2,1,1,1,4,3,0,"1"
"803",33,2,3,7,1,0,3,1,0,"1"
"804",23,2,3,2,1,1,3,1,0,"1"
"805",36,2,2,5,1,1,3,4,0,"1"
"806",33,2,4,3,1,1,3,4,0,"1"
"807",35,4,4,2,1,0,1,4,0,"1"
"808",25,2,3,4,1,1,3,3,0,"1"
"809",29,2,4,4,1,0,2,4,0,"1"
"810",23,3,3,1,1,1,2,2,0,"1"
"811",19,3,3,1,1,1,2,1,0,"1"
"812",35,1,2,6,1,1,2,2,1,"1"
"813",25,3,3,3,1,1,3,2,0,"1"
"814",40,3,4,6,1,1,1,3,0,"1"
"815",17,3,4,1,1,1,2,1,0,"1"
"816",25,2,4,3,1,1,3,3,0,"1"
"817",24,3,3,1,1,1,3,2,0,"1"
"818",23,4,4,1,1,1,3,3,0,"1"
"819",25,2,4,3,1,1,3,2,0,"1"
"820",30,1,3,4,1,1,3,4,0,"1"
"821",31,1,1,3,1,1,4,2,1,"1"
"822",26,3,4,2,1,1,3,3,0,"1"
"823",28,3,4,2,1,1,2,3,0,"1"
"824",30,3,3,3,1,1,3,1,0,"1"
"825",29,3,4,5,1,1,1,2,0,"1"
"826",24,1,3,4,1,1,3,3,0,"1"
"827",26,3,4,2,1,1,1,3,0,"1"
"828",25,3,3,3,1,1,3,3,0,"1"
"829",35,4,4,3,1,1,1,4,0,"1"
"830",22,4,4,1,1,0,2,4,0,"1"
"831",19,4,4,1,1,1,2,4,0,"1"
"832",29,2,3,5,1,1,2,4,0,"1"
"833",21,3,4,2,1,1,3,3,0,"1"
"834",21,3,3,1,1,1,3,3,0,"1"
"835",41,1,4,9,1,1,2,1,0,"1"
"836",37,2,4,3,1,1,2,3,0,"1"
"837",27,4,4,3,1,1,3,4,1,"1"
"838",26,2,3,2,1,1,2,3,0,"1"
"839",37,4,4,6,1,0,3,4,0,"1"
"840",25,3,3,3,1,1,2,1,0,"1"
"841",32,4,3,3,1,1,2,4,0,"1"
"842",34,1,4,4,1,1,3,4,1,"1"
"843",23,4,4,2,1,0,2,4,0,"1"
"844",28,3,4,2,1,1,3,4,0,"1"
"845",24,3,4,1,1,1,3,4,0,"1"
"846",32,2,3,4,1,0,2,2,0,"1"
"847",22,1,2,3,1,1,3,1,1,"1"
"848",25,3,3,1,1,1,2,1,0,"1"
"849",25,2,3,2,1,1,2,4,0,"1"
"850",38,2,3,3,1,1,2,4,0,"1"
"851",33,2,2,2,1,1,3,4,0,"1"
"852",41,4,4,8,1,1,1,4,0,"1"
"853",29,3,3,4,1,1,3,4,0,"1"
"854",22,3,4,1,1,0,1,4,0,"1"
"855",29,3,3,6,1,1,3,3,0,"1"
"856",26,3,4,3,1,1,3,3,0,"1"
"857",28,2,3,3,1,1,3,4,0,"1"
"858",27,4,4,1,0,1,3,4,0,"1"
"859",29,2,4,2,1,1,3,2,0,"1"
"860",24,3,4,2,1,1,3,3,0,"1"
"861",29,3,4,3,1,1,3,2,0,"1"
"862",38,3,4,7,1,1,3,2,0,"1"
"863",23,3,2,2,1,0,3,2,0,"1"
"864",20,4,3,1,1,1,3,4,0,"1"
"865",32,1,4,4,1,1,3,2,0,"1"
"866",25,2,3,2,1,1,3,1,0,"1"
"867",26,1,2,3,1,0,3,2,0,"1"
"868",23,1,2,3,1,1,3,2,1,"1"
"869",23,4,4,3,1,1,3,3,0,"1"
"870",28,3,4,5,1,1,2,4,0,"1"
"871",22,4,4,3,1,1,3,2,0,"1"
"872",28,2,4,4,1,1,3,4,0,"1"
"873",26,3,3,3,1,1,3,3,0,"1"
"874",26,2,3,2,1,1,3,3,0,"1"
"875",24,4,3,3,1,1,3,3,0,"1"
"876",29,4,4,3,1,0,1,4,0,"1"
"877",29,3,4,4,1,0,1,3,0,"1"
"878",42,4,4,5,1,1,1,4,0,"1"
"879",27,4,4,2,1,1,3,4,0,"1"
"880",35,3,4,5,1,1,1,4,0,"1"
"881",21,3,4,1,1,1,3,2,0,"1"
"882",21,1,3,1,1,1,3,3,1,"1"
"883",22,3,4,1,1,1,3,3,0,"1"
"884",28,3,3,4,1,1,3,3,0,"1"
"885",22,3,4,1,0,0,1,4,0,"1"
"886",23,3,2,1,1,1,3,3,0,"1"
"887",28,3,3,2,0,1,2,3,0,"1"
"888",30,4,4,3,0,0,2,4,0,"1"
"889",25,3,4,3,1,0,3,4,0,"1"
"890",33,4,4,4,1,1,2,3,0,"1"
"891",33,3,4,6,1,1,3,2,0,"1"
"892",30,4,4,2,0,0,3,3,0,"1"
"893",22,2,4,1,1,1,3,3,0,"1"
"894",38,3,3,2,0,1,3,4,0,"1"
"895",35,4,3,2,0,1,3,4,0,"1"
"896",34,2,2,4,0,1,3,2,0,"1"
"897",39,4,4,2,0,1,3,4,0,"1"
"898",47,4,3,4,1,1,1,3,0,"1"
"899",38,4,4,2,1,0,1,4,0,"1"
"900",43,4,4,5,1,1,1,4,0,"1"
"901",21,3,3,1,1,1,2,2,0,"1"
"902",30,3,4,2,1,1,1,2,0,"1"
"903",27,3,4,2,1,1,1,3,0,"1"
"904",22,4,4,1,0,1,3,1,0,"1"
"905",25,1,2,3,1,1,2,3,0,"1"
"906",22,1,3,2,1,1,3,2,0,"1"
"907",28,4,4,4,1,1,2,3,0,"1"
"908",25,3,3,2,1,1,2,3,0,"1"
"909",26,4,4,2,1,0,3,3,0,"1"
"910",31,3,3,3,1,1,3,1,1,"1"
"911",32,1,3,4,1,1,3,3,0,"1"
"912",35,2,4,6,1,1,3,4,0,"1"
"913",24,2,3,5,1,1,3,3,0,"1"
"914",28,4,4,2,1,1,1,4,0,"1"
"915",36,4,4,3,0,0,2,4,0,"1"
"916",47,4,4,5,1,1,1,3,0,"1"
"917",26,4,4,2,1,0,1,4,0,"1"
"918",22,3,4,2,0,1,3,4,0,"1"
"919",30,4,4,2,1,1,4,3,0,"1"
"920",41,4,4,5,1,1,1,4,0,"1"
"921",19,4,4,1,1,1,3,2,0,"1"
"922",45,3,4,2,0,1,3,3,0,"1"
"923",35,1,2,5,1,1,2,2,1,"1"
"924",21,2,2,1,1,1,3,2,0,"1"
"925",32,1,2,6,0,1,2,3,0,"1"
"926",32,3,4,5,0,1,3,4,0,"1"
"927",46,2,3,6,0,0,3,4,0,"1"
"928",41,1,2,6,1,1,3,3,0,"1"
"929",36,4,4,3,0,1,3,4,0,"1"
"930",37,3,4,3,0,1,3,4,0,"1"
"931",37,3,4,4,0,1,2,4,0,"1"
"932",35,4,4,3,0,1,3,4,0,"1"
"933",29,2,3,4,1,1,3,2,0,"1"
"934",28,4,4,2,0,1,2,4,0,"1"
"935",46,4,4,4,0,1,1,4,0,"1"
"936",34,4,3,3,0,1,2,4,0,"1"
"937",43,3,3,2,0,0,3,4,0,"1"
"938",28,4,4,3,0,0,3,4,0,"1"
"939",28,3,3,3,1,0,2,4,0,"1"
"940",34,4,4,6,1,1,2,2,0,"1"
"941",27,2,4,4,1,1,3,4,0,"1"
"942",36,1,3,6,1,1,3,2,0,"1"
"943",17,2,2,0,1,0,3,2,0,"1"
"944",21,3,3,1,1,1,3,2,0,"1"
"945",25,2,2,1,1,1,3,1,0,"1"
"946",23,2,3,2,1,0,3,2,0,"1"
"947",25,2,2,1,1,1,3,3,0,"1"
"948",35,1,2,4,1,0,4,4,0,"1"
"949",32,3,4,4,1,1,3,2,0,"1"
"950",37,2,3,5,1,1,4,2,0,"1"
"951",31,3,4,4,1,0,3,3,0,"1"
"952",25,3,4,3,1,1,3,4,0,"1"
"953",26,3,4,4,1,1,2,4,0,"1"
"954",39,1,2,2,1,0,2,4,0,"1"
"955",21,3,3,2,1,1,2,3,0,"1"
"956",35,3,2,9,1,0,3,4,0,"1"
"957",20,2,2,1,1,1,3,2,0,"1"
"958",40,2,3,5,1,1,3,3,0,"1"
"959",41,3,3,7,0,1,2,4,0,"1"
"960",36,2,4,8,1,1,1,4,0,"1"
"961",40,2,4,3,0,1,3,4,0,"1"
"962",32,4,4,3,1,0,1,4,0,"1"
"963",24,3,4,4,1,1,2,3,0,"1"
"964",20,3,4,1,0,1,2,4,0,"1"
"965",32,4,4,4,1,0,1,4,0,"1"
"966",22,2,2,3,1,0,3,3,0,"1"
"967",30,3,3,4,1,0,2,2,0,"1"
"968",31,4,4,3,1,0,1,4,0,"1"
"969",35,3,4,5,1,1,1,4,0,"1"
"970",38,4,4,2,1,1,3,4,0,"1"
"971",31,4,4,1,1,1,1,4,0,"1"
"972",25,4,4,2,1,1,2,4,0,"1"
"973",30,4,4,2,1,1,1,4,0,"1"
"974",22,1,2,2,1,1,3,4,0,"1"
"975",31,4,4,3,1,1,1,4,0,"1"
"976",29,4,4,3,1,1,3,4,0,"1"
"977",29,2,3,3,1,0,3,2,0,"1"
"978",38,4,4,3,0,0,3,3,1,"1"
"979",22,3,4,2,1,1,2,4,0,"1"
"980",45,4,4,3,1,1,1,4,0,"1"
"981",26,3,4,3,1,1,3,2,0,"1"
"982",37,4,4,3,0,1,3,4,0,"1"
"983",36,4,4,3,0,1,2,4,0,"1"
"984",33,4,4,2,1,1,2,4,0,"1"
"985",32,4,4,3,1,0,1,4,0,"1"
"986",35,4,4,4,0,0,1,4,0,"1"
"987",25,4,4,1,1,1,1,4,0,"1"
"988",31,4,4,3,1,1,4,4,0,"1"
"989",25,2,3,5,1,1,2,3,0,"1"
"990",26,3,2,5,1,1,2,2,0,"1"
"991",23,2,3,3,1,1,2,3,0,"1"
"992",28,3,4,3,1,1,1,4,0,"1"
"993",34,3,4,3,0,0,3,4,0,"1"
"994",46,3,4,9,1,1,3,4,0,"1"
"995",25,4,4,1,1,1,1,4,0,"1"
"996",21,2,1,3,1,0,3,1,1,"1"
"997",25,2,3,4,1,0,3,2,0,"1"
"998",28,2,3,6,1,1,2,4,0,"1"
"999",36,2,4,11,1,1,1,4,1,"1"
"1000",46,1,2,9,1,0,3,4,1,"1"
"1001",35,2,2,6,1,0,3,1,1,"0"
"1002",41,3,2,11,1,1,2,3,0,"0"
"1003",27,2,4,1,1,0,1,1,0,"0"
"1004",25,4,4,0,1,0,3,4,0,"0"
"1005",23,2,2,2,1,1,3,3,0,"0"
"1006",48,1,1,1,1,0,3,3,1,"0"
"1007",23,4,4,0,1,0,1,4,0,"0"
"1008",31,3,4,2,1,1,3,3,0,"0"
"1009",49,4,4,1,1,1,3,4,0,"0"
"1010",42,2,3,2,1,1,1,4,0,"0"
"1011",26,2,4,3,1,1,3,4,0,"0"
"1012",21,2,2,1,1,1,3,2,0,"0"
"1013",29,3,4,4,1,1,1,4,0,"0"
"1014",38,1,2,12,1,1,2,3,0,"0"
"1015",25,4,4,2,1,1,3,2,0,"0"
"1016",22,4,4,0,1,1,3,2,0,"0"
"1017",20,3,4,0,1,1,3,3,0,"0"
"1018",35,4,4,1,1,1,1,3,0,"0"
"1019",32,2,3,1,1,1,3,3,0,"0"
"1020",38,2,4,3,1,1,1,3,0,"0"
"1021",27,1,2,4,1,1,1,4,1,"0"
"1022",41,2,4,1,1,1,2,3,0,"0"
"1023",28,3,4,0,1,0,1,3,0,"0"
"1024",23,4,4,1,1,0,3,3,0,"0"
"1025",27,4,4,1,0,0,2,4,0,"0"
"1026",33,4,4,2,0,1,1,4,0,"0"
"1027",39,2,2,5,1,0,3,2,1,"0"
"1028",41,2,2,5,0,1,2,2,0,"0"
"1029",40,2,2,8,1,1,1,3,0,"0"
"1030",43,3,4,10,1,1,3,3,0,"0"
"1031",35,3,4,6,1,0,2,2,0,"0"
"1032",32,3,4,0,1,1,3,4,0,"0"
"1033",49,2,3,4,1,1,2,3,0,"0"
"1034",47,2,2,4,1,1,3,1,0,"0"
"1035",42,4,4,1,1,1,2,4,0,"0"
"1036",48,4,4,4,0,1,1,4,0,"0"
"1037",42,4,4,3,1,1,1,4,0,"0"
"1038",37,4,4,2,1,1,1,4,0,"0"
"1039",23,3,3,1,1,0,2,4,0,"0"
"1040",24,3,4,0,1,0,2,3,0,"0"
"1041",43,2,3,3,0,1,2,3,0,"0"
"1042",24,3,3,2,1,0,3,2,0,"0"
"1043",29,2,4,0,1,0,3,4,0,"0"
"1044",45,1,1,0,0,0,2,1,0,"0"
"1045",31,4,4,3,1,0,2,3,0,"0"
"1046",44,1,4,9,1,1,1,2,0,"0"
"1047",28,2,3,1,1,1,3,1,0,"0"
"1048",28,3,4,1,0,1,2,2,0,"0"
"1049",33,1,2,0,1,0,3,3,0,"0"
"1050",43,4,4,6,1,1,1,3,0,"0"
"1051",34,3,4,4,1,1,1,3,0,"0"
"1052",36,1,4,2,1,1,2,2,0,"0"
"1053",22,4,4,0,1,0,2,4,0,"0"
"1054",35,2,3,8,1,1,3,3,1,"0"
"1055",25,4,4,1,1,1,1,4,0,"0"
"1056",43,1,2,8,1,1,2,2,1,"0"
"1057",46,1,4,8,1,1,1,4,1,"0"
"1058",27,3,4,2,1,1,1,3,0,"0"
"1059",30,1,1,7,1,1,2,3,0,"0"
"1060",25,4,4,1,1,1,3,4,0,"0"
"1061",42,4,4,1,1,0,1,4,0,"0"
"1062",30,1,3,1,1,1,3,4,0,"0"
"1063",27,3,3,4,1,1,2,4,0,"0"
"1064",45,2,3,11,1,1,2,3,0,"0"
"1065",29,3,4,2,1,1,1,3,0,"0"
"1066",36,1,4,1,1,1,3,3,0,"0"
"1067",49,1,2,8,1,1,3,1,1,"0"
"1068",47,1,4,7,1,1,2,3,0,"0"
"1069",30,4,4,4,1,1,2,4,0,"0"
"1070",24,2,3,2,1,1,3,1,0,"0"
"1071",48,1,1,6,1,1,2,3,1,"0"
"1072",47,1,2,2,1,1,2,3,1,"0"
"1073",24,3,4,1,1,0,3,3,0,"0"
"1074",48,3,4,5,1,1,2,3,0,"0"
"1075",38,1,2,8,1,1,3,3,1,"0"
"1076",45,3,4,0,1,1,1,3,0,"0"
"1077",43,4,4,3,0,1,2,4,0,"0"
"1078",33,1,1,5,1,1,3,1,1,"0"
"1079",37,3,4,7,1,1,3,4,0,"0"
"1080",36,2,1,6,1,1,2,3,0,"0"
"1081",25,3,4,3,1,1,1,1,0,"0"
"1082",49,4,4,6,0,0,1,4,0,"0"
"1083",30,4,4,1,1,0,1,4,0,"0"
"1084",35,4,4,5,1,1,1,4,0,"0"
"1085",28,2,4,0,1,1,3,1,0,"0"
"1086",30,4,2,0,1,0,3,3,0,"0"
"1087",27,4,4,2,1,0,1,4,0,"0"
"1088",45,2,4,8,1,1,2,3,0,"0"
"1089",46,3,1,5,1,1,3,2,0,"0"
"1090",28,1,4,0,1,0,4,1,0,"0"
"1091",21,2,4,0,1,1,2,2,0,"0"
"1092",20,3,4,2,1,1,3,3,0,"0"
"1093",28,3,3,5,1,1,3,3,0,"0"
"1094",25,3,3,1,1,1,2,2,0,"0"
"1095",38,1,2,6,1,1,2,1,1,"0"
"1096",20,3,4,1,1,1,3,2,0,"0"
"1097",24,3,4,2,1,1,2,4,0,"0"
"1098",39,3,1,1,1,1,2,3,0,"0"
"1099",25,1,3,1,1,1,4,2,0,"0"
"1100",23,3,4,4,1,1,3,1,1,"0"
"1101",24,4,4,1,1,0,1,3,0,"0"
"1102",26,4,4,3,1,1,1,4,0,"0"
"1103",20,3,4,2,1,1,3,2,0,"0"
"1104",31,3,3,1,1,0,3,4,0,"0"
"1105",22,4,4,0,1,1,2,1,1,"0"
"1106",36,2,3,6,1,1,2,3,0,"0"
"1107",45,3,4,0,1,1,1,3,0,"0"
"1108",47,2,2,7,1,1,2,2,0,"0"
"1109",30,2,3,1,1,1,2,1,0,"0"
"1110",35,4,4,3,1,1,1,4,0,"0"
"1111",34,2,2,9,1,0,2,3,0,"0"
"1112",28,4,4,1,1,0,1,3,0,"0"
"1113",18,3,4,1,1,1,3,3,0,"0"
"1114",25,2,3,2,1,1,3,2,0,"0"
"1115",27,3,4,0,1,0,3,3,0,"0"
"1116",21,4,4,1,1,1,3,4,0,"0"
"1117",19,4,4,1,1,1,1,3,0,"0"
"1118",26,4,4,0,1,1,3,4,0,"0"
"1119",28,4,4,5,1,1,1,4,0,"0"
"1120",38,1,3,4,1,0,2,2,0,"0"
"1121",39,2,3,10,1,1,3,4,0,"0"
"1122",45,2,3,6,1,1,3,2,1,"0"
"1123",30,3,4,4,0,1,2,3,0,"0"
"1124",47,2,4,2,1,1,3,2,1,"0"
"1125",38,2,2,6,1,1,3,4,0,"0"
"1126",42,3,3,5,1,1,2,2,0,"0"
"1127",31,4,4,2,1,1,1,2,0,"0"
"1128",44,1,2,2,1,1,3,1,0,"0"
"1129",42,4,4,3,1,0,1,4,0,"0"
"1130",28,4,4,2,1,1,1,3,0,"0"
"1131",34,2,4,6,1,0,3,4,0,"0"
"1132",45,1,3,7,1,0,1,3,0,"0"
"1133",43,4,4,5,1,1,1,3,0,"0"
"1134",28,3,4,0,1,0,3,4,0,"0"
"1135",27,3,4,0,1,1,3,3,0,"0"
"1136",26,2,3,1,1,0,4,4,0,"0"
"1137",26,3,4,1,0,1,2,2,0,"0"
"1138",37,3,4,4,1,0,2,4,0,"0"
"1139",48,3,4,11,1,1,1,4,0,"0"
"1140",47,2,3,12,1,1,3,1,0,"0"
"1141",22,2,4,1,1,1,3,4,0,"0"
"1142",48,4,4,1,0,1,1,4,0,"0"
"1143",42,1,3,12,1,1,2,4,0,"0"
"1144",32,4,4,3,1,1,1,4,0,"0"
"1145",33,4,4,3,0,0,1,3,0,"0"
"1146",45,4,4,1,1,0,1,4,0,"0"
"1147",26,2,3,1,1,0,3,4,1,"0"
"1148",45,4,4,1,1,1,1,4,0,"0"
"1149",25,3,3,1,1,0,2,4,0,"0"
"1150",36,4,3,3,1,0,3,2,0,"0"
"1151",31,3,3,2,1,0,3,3,0,"0"
"1152",22,3,4,2,1,1,3,3,0,"0"
"1153",46,4,4,10,1,1,1,3,0,"0"
"1154",26,2,3,3,1,1,3,4,0,"0"
"1155",25,3,2,1,1,0,3,3,0,"0"
"1156",20,4,4,0,0,0,2,4,0,"0"
"1157",31,3,4,3,0,0,2,4,0,"0"
"1158",36,3,3,3,0,0,2,3,1,"0"
"1159",47,3,2,5,1,1,4,4,0,"0"
"1160",43,3,4,2,0,1,3,4,0,"0"
"1161",20,3,4,0,1,1,3,3,0,"0"
"1162",24,4,4,4,1,1,1,4,0,"0"
"1163",33,2,2,3,0,0,2,4,0,"0"
"1164",41,3,4,3,0,1,2,4,0,"0"
"1165",48,3,4,4,0,1,2,4,0,"0"
"1166",32,4,4,1,0,1,1,4,0,"0"
"1167",38,3,3,4,0,0,3,2,1,"0"
"1168",48,3,4,8,1,1,3,3,0,"0"
"1169",34,1,3,4,1,0,3,4,0,"0"
"1170",31,1,1,6,1,1,3,2,0,"0"
"1171",46,1,2,7,1,1,3,1,1,"0"
"1172",45,2,2,7,1,1,3,1,1,"0"
"1173",34,3,4,4,0,1,3,1,1,"0"
"1174",16,2,4,1,1,1,3,4,0,"0"
"1175",18,3,2,1,1,1,3,1,0,"0"
"1176",22,2,2,1,1,1,3,1,1,"0"
"1177",32,2,2,2,1,1,2,4,0,"0"
"1178",41,1,3,3,1,0,2,4,0,"0"
"1179",22,3,3,2,1,1,2,4,0,"0"
"1180",23,3,2,0,1,1,2,2,0,"0"
"1181",22,3,4,0,1,0,3,4,0,"0"
"1182",40,2,2,6,1,1,2,2,1,"0"
"1183",29,3,4,1,0,1,2,3,0,"0"
"1184",42,4,4,0,0,0,3,4,0,"0"
"1185",29,3,4,2,1,1,3,4,0,"0"
"1186",31,3,2,1,1,1,3,4,0,"0"
"1187",28,4,4,3,0,0,1,4,0,"0"
"1188",21,2,3,0,1,1,3,4,0,"0"
"1189",26,4,4,2,1,1,1,3,0,"0"
"1190",37,3,4,0,1,1,3,4,0,"0"
"1191",24,3,4,2,1,1,2,2,0,"0"
"1192",25,4,4,0,0,1,2,4,0,"0"
"1193",22,2,1,0,1,1,2,2,0,"0"
"1194",45,4,4,1,1,1,1,4,0,"0"
"1195",47,4,4,1,1,1,1,4,0,"0"
"1196",28,4,4,5,1,0,3,4,0,"0"
"1197",24,2,2,4,1,1,3,4,0,"0"
"1198",34,3,3,6,1,1,2,3,0,"0"
"1199",47,2,3,5,1,1,1,1,0,"0"
"1200",31,3,4,2,1,1,1,4,0,"0"
"1201",26,1,3,1,1,1,3,1,0,"0"
"1202",25,4,4,3,1,1,1,2,0,"0"
"1203",47,1,1,4,1,1,2,2,0,"0"
"1204",48,1,1,8,1,1,1,1,1,"0"
"1205",38,2,2,10,1,1,3,2,0,"0"
"1206",32,1,3,4,1,1,2,2,1,"0"
"1207",47,1,2,2,1,1,2,4,0,"0"
"1208",27,4,4,3,1,1,1,4,0,"0"
"1209",40,1,1,0,1,1,3,2,0,"0"
"1210",46,4,4,6,1,1,1,4,0,"0"
"1211",33,3,3,3,1,1,3,4,0,"0"
"1212",49,1,2,5,1,0,2,2,1,"0"
"1213",21,2,4,3,1,1,3,2,0,"0"
"1214",31,4,4,0,0,0,2,4,0,"0"
"1215",42,4,4,4,1,1,3,4,0,"1"
"1216",35,4,4,3,1,1,1,4,0,"1"
"1217",31,4,4,4,1,1,3,3,0,"1"
"1218",42,4,4,6,1,1,1,3,0,"1"
"1219",49,3,4,4,1,1,3,4,0,"1"
"1220",21,4,4,1,1,1,1,3,0,"1"
"1221",28,3,4,3,1,1,1,4,0,"1"
"1222",22,4,4,1,1,1,1,3,0,"1"
"1223",36,4,4,3,1,0,1,4,0,"1"
"1224",45,2,2,9,1,1,3,3,0,"1"
"1225",40,4,4,4,1,1,1,4,0,"1"
"1226",30,2,2,7,1,1,3,4,0,"1"
"1227",35,4,4,5,1,0,1,4,0,"1"
"1228",26,2,4,2,1,1,1,4,0,"1"
"1229",45,4,4,3,1,1,1,4,0,"1"
"1230",27,3,3,2,1,1,3,4,0,"1"
"1231",32,4,4,4,1,1,1,2,0,"1"
"1232",27,4,4,3,1,1,1,3,0,"1"
"1233",28,4,4,2,0,1,1,4,0,"1"
"1234",30,4,4,3,1,1,2,1,0,"1"
"1235",34,4,4,4,1,1,2,4,0,"1"
"1236",26,3,4,3,1,1,2,3,0,"1"
"1237",44,1,4,2,1,1,1,3,0,"1"
"1238",29,4,4,3,1,1,1,4,0,"1"
"1239",26,3,4,2,1,1,3,3,0,"1"
"1240",41,4,4,8,1,1,1,4,0,"1"
"1241",32,3,3,4,1,0,3,3,0,"1"
"1242",23,3,1,1,1,0,3,3,0,"1"
"1243",38,2,3,4,1,1,1,2,0,"1"
"1244",22,4,4,1,1,0,2,2,0,"1"
"1245",34,3,4,3,0,1,1,4,0,"1"
"1246",38,3,4,7,0,1,2,3,0,"1"
"1247",21,4,4,1,1,1,1,4,0,"1"
"1248",43,1,3,4,1,1,1,4,0,"1"
"1249",44,3,3,9,1,1,1,1,0,"1"
"1250",24,4,4,1,1,1,2,4,0,"1"
"1251",27,4,4,1,1,0,3,3,0,"1"
"1252",34,3,4,4,1,1,3,3,0,"1"
"1253",29,3,4,2,1,1,1,4,0,"1"
"1254",26,4,4,1,1,0,2,3,0,"1"
"1255",37,4,4,7,1,1,1,4,0,"1"
"1256",21,3,4,3,1,1,1,4,0,"1"
"1257",47,4,4,4,0,1,2,4,0,"1"
"1258",41,4,4,3,1,0,2,3,0,"1"
"1259",29,3,4,3,1,1,1,3,0,"1"
"1260",25,4,4,1,1,0,1,4,0,"1"
"1261",33,4,4,2,0,0,1,3,0,"1"
"1262",23,4,4,1,0,1,1,4,0,"1"
"1263",32,4,4,4,1,1,2,3,0,"1"
"1264",45,4,4,3,1,1,1,4,0,"1"
"1265",37,4,4,4,1,1,1,4,0,"1"
"1266",35,2,4,4,0,1,3,2,0,"1"
"1267",37,4,4,3,1,1,3,4,0,"1"
"1268",35,4,4,5,1,1,2,4,0,"1"
"1269",23,4,4,1,1,1,3,3,0,"1"
"1270",38,2,2,8,1,1,2,2,0,"1"
"1271",41,4,4,4,0,0,2,4,0,"1"
"1272",35,1,2,9,1,0,3,1,0,"1"
"1273",29,4,4,3,1,1,3,2,0,"1"
"1274",26,3,3,2,1,1,1,3,0,"1"
"1275",22,3,3,2,1,1,3,3,0,"1"
"1276",30,2,3,5,1,1,3,1,1,"1"
"1277",36,4,4,3,1,1,3,3,0,"1"
"1278",26,3,4,3,1,1,1,4,0,"1"
"1279",32,4,4,2,1,0,3,4,0,"1"
"1280",39,4,4,3,0,1,2,4,0,"1"
"1281",29,3,4,3,1,1,1,3,0,"1"
"1282",40,4,4,5,1,1,1,3,0,"1"
"1283",43,3,3,6,1,0,3,2,0,"1"
"1284",44,3,4,6,1,1,3,2,0,"1"
"1285",24,4,4,2,1,1,2,4,0,"1"
"1286",42,4,4,3,1,0,1,4,0,"1"
"1287",33,3,4,2,1,1,1,4,0,"1"
"1288",24,4,4,1,0,1,2,3,0,"1"
"1289",28,3,4,2,0,1,2,3,0,"1"
"1290",32,2,1,5,1,0,2,2,0,"1"
"1291",26,2,2,4,1,1,3,4,0,"1"
"1292",27,4,4,1,1,1,1,4,0,"1"
"1293",41,3,4,3,0,1,2,4,0,"1"
"1294",28,3,4,2,0,1,3,3,0,"1"
"1295",23,4,4,1,1,0,3,4,0,"1"
"1296",31,2,2,4,1,1,4,3,1,"1"
"1297",33,4,4,3,0,1,2,4,0,"1"
"1298",35,4,4,5,1,1,1,4,0,"1"
"1299",39,3,4,5,1,1,3,4,0,"1"
"1300",27,4,4,2,1,1,1,3,0,"1"
"1301",48,4,4,3,0,1,1,4,0,"1"
"1302",25,3,1,2,1,0,3,4,0,"1"
"1303",38,4,4,4,1,1,2,4,0,"1"
"1304",48,4,4,7,1,0,1,4,0,"1"
"1305",34,4,4,4,1,0,3,3,0,"1"
"1306",36,3,3,4,1,1,1,3,0,"1"
"1307",34,4,4,3,1,0,3,4,0,"1"
"1308",42,4,4,4,0,0,2,4,0,"1"
"1309",45,3,3,5,0,1,1,3,0,"1"
"1310",37,4,4,4,0,1,2,4,0,"1"
"1311",38,4,4,3,0,0,2,4,0,"1"
"1312",42,3,3,4,0,1,3,4,0,"1"
"1313",42,2,4,5,0,1,2,3,0,"1"
"1314",41,4,4,6,1,1,1,4,0,"1"
"1315",43,4,4,5,0,1,1,4,0,"1"
"1316",34,4,4,2,0,0,3,2,0,"1"
"1317",44,2,3,1,0,1,2,4,0,"1"
"1318",41,4,4,4,0,1,1,4,0,"1"
"1319",36,4,4,3,1,1,1,4,0,"1"
"1320",34,1,2,5,1,1,3,4,0,"1"
"1321",32,3,2,5,1,1,3,3,0,"1"
"1322",34,3,3,6,1,1,1,4,0,"1"
"1323",24,4,4,2,1,0,3,3,0,"1"
"1324",21,3,3,1,0,1,3,2,0,"1"
"1325",38,4,3,9,1,1,3,3,0,"1"
"1326",39,4,4,3,1,0,1,4,0,"1"
"1327",35,2,2,6,1,0,2,2,1,"1"
"1328",30,2,3,7,1,1,3,3,0,"1"
"1329",17,3,4,1,1,1,3,3,0,"1"
"1330",32,2,4,3,1,1,3,4,0,"1"
"1331",43,4,4,5,0,1,1,4,0,"1"
"1332",31,2,2,4,1,1,3,3,0,"1"
"1333",24,1,2,3,1,1,3,2,0,"1"
"1334",26,2,4,3,1,1,1,3,0,"1"
"1335",35,3,4,4,1,0,1,4,0,"1"
"1336",46,3,4,4,1,0,3,4,0,"1"
"1337",29,2,3,3,1,1,3,3,0,"1"
"1338",21,3,4,1,1,0,3,4,0,"1"
"1339",31,4,4,5,1,0,1,4,0,"1"
"1340",24,4,4,2,1,1,3,3,0,"1"
"1341",24,2,4,3,1,1,3,3,0,"1"
"1342",36,4,4,4,1,1,1,3,0,"1"
"1343",37,2,3,9,1,1,3,3,0,"1"
"1344",37,3,3,6,1,1,3,3,0,"1"
"1345",37,3,3,11,1,1,1,2,0,"1"
"1346",44,4,4,4,0,1,2,3,0,"1"
"1347",35,2,3,6,1,1,2,3,0,"1"
"1348",25,4,4,3,1,1,3,3,0,"1"
"1349",21,4,4,2,1,1,2,3,0,"1"
"1350",24,1,2,3,1,1,3,2,0,"1"
"1351",16,2,3,1,1,1,3,1,0,"1"
"1352",21,3,2,1,1,1,3,1,1,"1"
"1353",25,2,4,2,1,1,2,4,0,"1"
"1354",26,4,4,1,1,0,2,4,0,"1"
"1355",43,4,4,2,1,1,1,4,0,"1"
"1356",24,4,4,1,1,1,1,4,0,"1"
"1357",30,3,4,3,0,1,3,3,0,"1"
"1358",30,2,3,3,1,1,3,3,0,"1"
"1359",26,4,4,2,1,1,3,3,0,"1"
"1360",29,2,4,4,1,1,3,2,0,"1"
"1361",24,3,4,4,1,1,3,1,0,"1"
"1362",29,3,3,2,1,1,3,2,0,"1"
"1363",29,1,2,1,1,1,3,3,0,"1"
"1364",22,4,4,1,1,1,2,4,0,"1"
"1365",30,3,3,4,1,0,3,2,0,"1"
"1366",24,4,4,1,1,1,2,3,0,"1"
"1367",25,4,4,2,1,1,1,2,0,"1"
"1368",44,4,4,5,1,0,1,4,0,"1"
"1369",28,2,3,3,1,1,2,4,0,"1"
"1370",22,3,3,1,1,1,3,2,0,"1"
"1371",30,2,2,6,1,0,2,3,0,"1"
"1372",25,3,4,3,1,1,2,4,0,"1"
"1373",25,4,4,2,1,1,3,3,0,"1"
"1374",33,4,4,2,1,0,1,4,0,"1"
"1375",33,3,3,4,1,0,2,3,0,"1"
"1376",26,3,3,2,1,0,2,2,0,"1"
"1377",29,3,4,5,1,1,3,3,0,"1"
"1378",32,3,3,4,1,1,2,1,0,"1"
"1379",30,4,4,1,1,0,3,2,0,"1"
"1380",37,4,4,1,0,1,1,4,0,"1"
"1381",31,1,2,4,1,1,3,3,0,"1"
"1382",36,1,2,4,1,1,3,1,1,"1"
"1383",36,2,2,7,1,0,2,2,1,"1"
"1384",26,3,4,2,1,0,2,4,0,"1"
"1385",36,4,4,3,1,1,1,4,0,"1"
"1386",28,4,4,1,1,1,2,4,0,"1"
"1387",33,4,4,5,1,1,3,3,0,"1"
"1388",25,3,4,2,1,0,2,4,0,"1"
"1389",31,4,4,2,0,1,1,4,0,"1"
"1390",38,4,4,4,1,0,1,4,0,"1"
"1391",35,1,2,5,1,1,3,3,0,"1"
"1392",33,4,4,3,0,0,2,4,0,"1"
"1393",30,2,2,2,1,1,3,2,0,"1"
"1394",20,3,3,2,1,1,2,2,1,"1"
"1395",18,3,3,1,1,1,2,2,0,"1"
"1396",30,3,2,3,1,1,3,3,0,"1"
"1397",35,2,3,6,1,0,3,2,0,"1"
"1398",22,3,3,2,1,1,3,1,0,"1"
"1399",28,2,4,7,1,1,3,3,0,"1"
"1400",21,3,3,1,1,1,3,1,0,"1"
"1401",27,3,4,4,1,1,3,4,0,"1"
"1402",30,3,4,3,1,1,3,3,0,"1"
"1403",25,3,4,2,1,1,3,3,0,"1"
"1404",26,4,4,3,1,1,3,2,0,"1"
"1405",37,2,4,5,1,1,1,4,0,"1"
"1406",47,1,3,9,1,0,3,3,0,"1"
"1407",36,1,1,5,1,1,3,3,0,"1"
"1408",36,2,3,6,1,1,2,4,0,"1"
"1409",36,4,4,3,1,1,2,4,0,"1"
"1410",28,4,4,4,1,1,3,4,0,"1"
"1411",21,4,4,2,1,1,3,3,0,"1"
"1412",25,4,4,2,1,1,2,3,0,"1"
"1413",30,3,4,3,1,1,3,4,0,"1"
"1414",22,3,3,3,1,1,3,3,0,"1"
"1415",23,4,3,2,1,0,2,3,0,"1"
"1416",36,3,4,9,1,1,3,4,0,"1"
"1417",28,4,3,2,1,1,3,2,0,"1"
"1418",46,2,2,5,1,1,2,4,0,"1"
"1419",47,4,4,5,1,1,3,2,0,"1"
"1420",41,1,4,5,1,0,2,4,0,"1"
"1421",44,4,4,5,1,1,3,4,0,"1"
"1422",34,2,3,3,0,1,3,2,1,"1"
"1423",37,2,3,6,1,1,3,4,0,"1"
"1424",34,4,4,2,0,1,1,4,0,"1"
"1425",22,2,4,2,1,1,3,2,0,"1"
"1426",33,2,3,4,1,1,2,3,0,"1"
"1427",21,3,4,3,1,1,3,1,0,"1"
"1428",31,4,4,4,1,0,3,4,0,"1"
"1429",41,4,3,5,1,0,3,4,0,"1"
"1430",30,4,3,4,1,1,3,3,0,"1"
"1431",32,2,4,5,1,1,3,4,0,"1"
"1432",27,4,4,2,0,0,2,4,0,"1"
"1433",26,4,4,1,0,0,2,4,0,"1"
"1434",42,4,4,5,0,1,2,4,0,"1"
"1435",24,4,4,1,1,1,1,3,0,"1"
"1436",37,4,4,6,1,1,1,4,0,"1"
"1437",30,2,3,5,1,0,3,4,0,"1"
"1438",27,4,4,1,1,1,1,4,0,"1"
"1439",34,2,4,6,1,1,3,3,0,"1"
"1440",32,3,4,5,0,1,1,4,0,"1"
"1441",28,4,4,1,0,0,2,4,0,"1"
"1442",29,3,3,1,0,0,2,4,0,"1"
"1443",42,4,4,3,0,1,2,4,0,"1"
"1444",21,2,2,0,0,1,4,4,0,"1"
"1445",22,4,4,2,1,1,3,4,0,"1"
"1446",36,4,4,3,0,1,3,4,0,"1"
"1447",45,2,3,3,0,0,2,4,0,"1"
"1448",34,4,4,2,0,0,2,4,0,"1"
"1449",35,2,3,5,1,1,3,3,0,"1"
"1450",19,4,4,1,1,1,2,3,0,"1"
"1451",27,4,4,4,1,1,3,3,0,"1"
"1452",37,2,4,4,1,0,2,3,0,"1"
"1453",26,3,2,4,1,1,3,4,0,"1"
"1454",28,1,3,5,1,1,3,4,0,"1"
"1455",31,3,4,5,1,1,1,4,0,"1"
"1456",32,2,2,6,1,1,2,3,0,"1"
"1457",40,2,2,4,0,0,2,4,0,"1"
"1458",27,3,3,5,1,1,2,4,0,"1"
"1459",27,2,2,3,1,1,2,2,1,"1"
"1460",37,4,4,5,0,0,2,4,0,"1"
"1461",22,4,3,1,1,1,2,2,0,"1"
"1462",27,4,4,4,1,1,1,2,1,"1"
"1463",21,4,4,1,0,1,2,4,0,"1"
"1464",30,1,3,2,1,1,3,4,0,"1"
"1465",23,2,2,1,1,1,2,4,0,"1"
"1466",25,2,4,3,1,1,1,3,0,"1"
"1467",42,2,4,6,1,1,2,4,0,"1"
"1468",29,4,4,3,1,1,1,4,0,"1"
"1469",33,4,4,2,1,0,2,4,0,"1"
"1470",33,4,4,3,1,1,1,4,0,"1"
"1471",39,3,3,8,1,0,1,4,0,"1"
"1472",33,3,3,4,1,0,2,2,0,"1"
"1473",17,3,3,1,1,1,2,4,0,"1"
